id,availability,condition,description,image_link,link,title,sale_price,price,brand,fb_product_category,google_product_category
1,"in stock",new,"<p><strong>Користь стояння на цвяхах</strong>. Стояння на Дошці Садху, завдяки впливу на акупунктурні точки запускає оздоровчі, очищувальні та відновлювальні процеси в організмі. Стояння на цвяхах активізує внутрішню енергію людини, допомагає відчути бадьорість і прилив сил. Ця практика також допомагає нормалізувати артеріальний тиск, розслабити м'язи та зняти затиски в тілі.</p>
<p><strong>Дошка Садху</strong> - інструмент самопізнання, контролю сили духу, просвітлення і потужної енергетичної зарядки. Через біль ти пізнаєш самого себе, вчишся приймати його, очищати розум, контролювати силу волі, досягати мети. Під час сеансу важливе і головне входить наперед, залишаючи позаду все непотрібне, ти входиш у чистий стан тут і зараз.</p>
<p>Як правильно обрати <a href=""/news/dlya-chogo-lyudi-obirayut-sadhu"">матеріал цвяхів.</a></p>
<p>Як обрати <a href=""/news/dlya-chogo-lyudi-obirayut-sadhu"">відстань між цвяхами</a><strong>.</strong></p>
<p><strong>Strongdesk</strong> представляє якісні дошки з цвяхами, виготовлені згідно з усіма вимогами практики цвяхостояння, адже тут має значення абсолютно все: матеріали, покриття, розмір, відстань, калібрування. Основний матеріал - фанера. Цвяхи розташовані на однаковій один від одного відстані, крок 1 см - це універсальний варіант для новачків практики. Оцинковані цвяхи не іржавіють, тому завжди залишаються блискучими і красивими. Усі цвяхи міцно закріплені на однаковій висоті, таким чином, гарантують баланс і безпеку.</p>
<p>Дерево, оброблене спеціальним засобом, масло з воском. Завдяки своїм властивостям, масло-віск забезпечує захист від вологи, даючи змогу дереву дихати, що перешкоджає розтріскуванню і пересиханню деревини. Дошка прикрашена якісним, акуратним гравіюванням, також ви можете вибрати малюнок, замовивши індивідуальне гравіювання. Завдяки своїй конструкції, скоригованій з точністю до міліметра, дошку з цвяхами можна закрити як книгу, що значно спрощує транспортування. Чудовий вибір, як для особистого користування, так і для тренерів з йоги.</p>
<p><strong>Розміри</strong> 2-х дощок у складеному вигляді: 32х14х2.5 см</p>
<p><strong>Вага</strong> пари дощок: 1,1 кг</p>
<p><strong>Час виготовлення</strong> від 1 до 3 днів.</p>",https://strongdesk.com.ua/files/resized/products/msg519891722-67351.1200x1200.jpg,https://strongdesk.com.ua/products/doshka-sadhu-dizajn-vsesvit,"Дошка садху дизайн ""Всесвіт""","1700.00 UAH","1700.00 UAH","Дошка садху дизайн ""Всесвіт"" 11211",77,77
541,"in stock",new,"<p>Користь стояння на цвяхах Стояння на Дошці Садху завдяки впливу на акупунктурні точки запускає оздоровчі, очищувальні та відновлювальні процеси в організмі. Стояння на цвяхах активізує внутрішню енергію людини, допомагає відчути бадьорість і прилив сил. Ця практика також допомагає нормалізувати артеріальний тиск, розслабити м'язи та зняти затиски в тілі. Дошка Садху - інструмент самопізнання, контролю сили духу, просвітлення і потужної енергетичної зарядки. Через біль ти пізнаєш самого себе, вчишся приймати його, очищати розум, контролювати силу волі, досягати мети. Під час сеансу важливе і головне входить наперед, залишаючи позаду все непотрібне, ти входиш у чистий стан тут і зараз. Strongdesk представляє якісні дошки з цвяхами, виготовлені згідно з усіма вимогами практики цвяхостояння, адже тут має значення абсолютно все: матеріали, покриття, розмір, відстань, калібрування. Основний матеріал - фанера. Цвяхи розташовані на однаковій один від одного відстані, крок 1 см - це універсальний варіант для новачків практики. Оцинковані цвяхи не іржавіють, тому завжди залишаються блискучими і красивими. Усі цвяхи міцно закріплені на однаковій висоті, таким чином, гарантують баланс і безпеку. Дерево, оброблене спеціальним засобом, масло з воском. Завдяки своїм властивостям, масло-віск забезпечує захист від вологи, даючи змогу дереву дихати, що перешкоджає розтріскуванню і пересиханню деревини. Дошка прикрашена якісним, акуратним гравіюванням, також ви можете вибрати малюнок, замовивши індивідуальне гравіювання. Завдяки своїй конструкції, скоригованій з точністю до міліметра, дошку з цвяхами можна закрити, як книгу, що значно спрощує транспортування. Чудовий вибір, як для особистого користування, так і для тренерів з йоги. Розміри 2-х дощок у складеному вигляді: 32х14х2.5 см Вага пари дощок: 1,1 кг Час виготовлення від 1 до 3 днів.</p>",https://strongdesk.com.ua/files/resized/products/photo1675200208.1200x1200.jpeg,https://strongdesk.com.ua/products/doshka-sadhu-dizajn-derevo-zhittya,"Дошка садху дизайн ""Дерево життя""","1700.00 UAH","1700.00 UAH","Дошка садху дизайн ""Дерево життя""11211",77,77
1081,"in stock",new,"<p><strong>Користь стояння на цвяхах</strong>. Стояння на Дошці Садху, завдяки впливу на акупунктурні точки запускає оздоровчі, очищувальні та відновлювальні процеси в організмі. Стояння на цвяхах активізує внутрішню енергію людини, допомагає відчути бадьорість і прилив сил. Ця практика також допомагає нормалізувати артеріальний тиск, розслабити м'язи та зняти затиски в тілі.</p>
<p><strong>Дошка Садху</strong> - інструмент самопізнання, контролю сили духу, просвітлення і потужної енергетичної зарядки. Через біль ти пізнаєш самого себе, вчишся приймати його, очищати розум, контролювати силу волі, досягати мети. Під час сеансу важливе і головне входить наперед, залишаючи позаду все непотрібне, ти входиш у чистий стан тут і зараз.</p>
<p>Як правильно обрати <a href=""/news/dlya-chogo-lyudi-obirayut-sadhu"">матеріал цвяхів.</a></p>
<p>Як обрати <a href=""/news/dlya-chogo-lyudi-obirayut-sadhu"">відстань між цвяхами</a><strong>.</strong></p>
<p><strong>Strongdesk</strong> представляє якісні дошки з цвяхами, виготовлені згідно з усіма вимогами практики цвяхостояння, адже тут має значення абсолютно все: матеріали, покриття, розмір, відстань, калібрування. Основний матеріал - фанера. Цвяхи розташовані на однаковій один від одного відстані, крок 1 см - це універсальний варіант для новачків практики. Оцинковані цвяхи не іржавіють, тому завжди залишаються блискучими і красивими. Усі цвяхи міцно закріплені на однаковій висоті, таким чином, гарантують баланс і безпеку.</p>
<p>Дерево, оброблене спеціальним засобом, масло з воском. Завдяки своїм властивостям, масло-віск забезпечує захист від вологи, даючи змогу дереву дихати, що перешкоджає розтріскуванню і пересиханню деревини. Дошка прикрашена якісним, акуратним гравіюванням, також ви можете вибрати малюнок, замовивши індивідуальне гравіювання. Завдяки своїй конструкції, скоригованій з точністю до міліметра, дошку з цвяхами можна закрити як книгу, що значно спрощує транспортування. Чудовий вибір, як для особистого користування, так і для тренерів з йоги.</p>
<p><strong>Розміри</strong> 2-х дощок у складеному вигляді: 32х14х2.5 см</p>
<p><strong>Вага</strong> пари дощок: 1,1 кг</p>
<p><strong>Час виготовлення</strong> від 1 до 3 днів.</p>",https://strongdesk.com.ua/files/resized/products/photo1675200293-3.1200x1200.jpeg,https://strongdesk.com.ua/products/doshka-sadhu-dizajn-kvitka-zhittya,"Дошка садху дизайн ""Квітка життя""","1700.00 UAH","1700.00 UAH","Дошка садху дизайн ""Квітка життя"" 11211",77,77
1622,"in stock",new,"<p><strong>Користь стояння на цвяхах</strong>. Стояння на Дошці Садху, завдяки впливу на акупунктурні точки запускає оздоровчі, очищувальні та відновлювальні процеси в організмі. Стояння на цвяхах активізує внутрішню енергію людини, допомагає відчути бадьорість і прилив сил. Ця практика також допомагає нормалізувати артеріальний тиск, розслабити м'язи та зняти затиски в тілі.</p>
<p><strong>Дошка Садху</strong> - інструмент самопізнання, контролю сили духу, просвітлення і потужної енергетичної зарядки. Через біль ти пізнаєш самого себе, вчишся приймати його, очищати розум, контролювати силу волі, досягати мети. Під час сеансу важливе і головне входить наперед, залишаючи позаду все непотрібне, ти входиш у чистий стан тут і зараз.</p>
<p>Як правильно обрати <a href=""/news/dlya-chogo-lyudi-obirayut-sadhu"">матеріал цвяхів.</a></p>
<p>Як обрати <a href=""/news/dlya-chogo-lyudi-obirayut-sadhu"">відстань між цвяхами</a><strong>.</strong></p>
<p><strong>Strongdesk</strong> представляє якісні дошки з цвяхами, виготовлені згідно з усіма вимогами практики цвяхостояння, адже тут має значення абсолютно все: матеріали, покриття, розмір, відстань, калібрування. Основний матеріал - фанера. Цвяхи розташовані на однаковій один від одного відстані, крок 1 см - це універсальний варіант для новачків практики. Оцинковані цвяхи не іржавіють, тому завжди залишаються блискучими і красивими. Усі цвяхи міцно закріплені на однаковій висоті, таким чином, гарантують баланс і безпеку.</p>
<p>Дерево, оброблене спеціальним засобом, масло з воском. Завдяки своїм властивостям, масло-віск забезпечує захист від вологи, даючи змогу дереву дихати, що перешкоджає розтріскуванню і пересиханню деревини. Дошка прикрашена якісним, акуратним гравіюванням, також ви можете вибрати малюнок, замовивши індивідуальне гравіювання. Завдяки своїй конструкції, скоригованій з точністю до міліметра, дошку з цвяхами можна закрити як книгу, що значно спрощує транспортування. Чудовий вибір, як для особистого користування, так і для тренерів з йоги.</p>
<p><strong>Розміри</strong> 2-х дощок у складеному вигляді: 32х14х2.5 см</p>
<p><strong>Вага</strong> пари дощок: 1,1 кг</p>
<p><strong>Час виготовлення</strong> від 1 до 3 днів.</p>",https://strongdesk.com.ua/files/resized/products/msg519891722-67354.1200x1200.jpg,https://strongdesk.com.ua/products/doshka-sadhu-dizajn-budda,"Дошка садху дизайн ""Будда""","1700.00 UAH","1700.00 UAH","Дошка садху дизайн ""Будда"" 11211",77,77
2162,"in stock",new,"<p>Користь стояння на цвяхах Стояння на Дошці Садху завдяки впливу на акупунктурні точки запускає оздоровчі, очищувальні та відновлювальні процеси в організмі. Стояння на цвяхах активізує внутрішню енергію людини, допомагає відчути бадьорість і прилив сил. Ця практика також допомагає нормалізувати артеріальний тиск, розслабити м'язи та зняти затиски в тілі.</p>
<p>Як обрати матеріаль для дошки: <a href=""/news/yakij-material-tsvyahiv-vibrati-dlya-doshki-sadhu"">https://strongdesk.com.ua/news/yakij-material-tsvyahiv-vibrati-dlya-doshki-sadhu</a></p>
<p>Як обрати відстань між цвяхами: <a href=""/news/dlya-chogo-lyudi-obirayut-sadhu"">https://strongdesk.com.ua/news/dlya-chogo-lyudi-obirayut-sadhu</a></p>
<p>Дошка Садху - інструмент самопізнання, контролю сили духу, просвітлення і потужної енергетичної зарядки. Через біль ти пізнаєш самого себе, вчишся приймати його, очищати розум, контролювати силу волі, досягати мети. Під час сеансу важливе і головне входить наперед, залишаючи позаду все непотрібне, ти входиш у чистий стан тут і зараз.</p>
<p>Strongdesk представляє якісні дошки з цвяхами, виготовлені згідно з усіма вимогами практики цвяхостояння, адже тут має значення абсолютно все: матеріали, покриття, розмір, відстань, калібрування. Основний матеріал - фанера. Цвяхи розташовані на однаковій один від одного відстані, крок 1 см - це універсальний варіант для новачків практики. Оцинковані цвяхи не іржавіють, тому завжди залишаються блискучими і красивими.</p>
<p>Усі цвяхи міцно закріплені на однаковій висоті, таким чином, гарантують баланс і безпеку. Дерево, оброблене спеціальним засобом, масло з воском. Завдяки своїм властивостям, масло-віск забезпечує захист від вологи, даючи змогу дереву дихати, що перешкоджає розтріскуванню і пересиханню деревини. Дошка прикрашена якісним, акуратним гравіюванням, також ви можете вибрати малюнок, замовивши індивідуальне гравіювання. Завдяки своїй конструкції, скоригованій з точністю до міліметра, дошку з цвяхами можна закрити, як книгу, що значно спрощує транспортування. Чудовий вибір, як для особистого користування, так і для тренерів з йоги.</p>
<p>Розміри 2-х дощок у складеному вигляді: 32х14х2.5 см</p>
<p>Вага пари дощок: 1,1 кг</p>
<p>Час виготовлення від 1 до 3 днів.</p>
<p>&nbsp;</p>",https://strongdesk.com.ua/files/resized/products/photo1675547645-2.1200x1200.jpeg,https://strongdesk.com.ua/products/doshka-sadhu-dizajn-mandala-vsesvit,"Дошка садху дизайн ""Мандала всесвіт""","1700.00 UAH","1700.00 UAH","Дошка садху дизайн ""Мандала всесвіт"" 11211",77,77
4322,"in stock",new,"<p><strong>Користь стояння на цвяхах</strong>. Стояння на Дошці Садху, завдяки впливу на акупунктурні точки запускає оздоровчі, очищувальні та відновлювальні процеси в організмі. Стояння на цвяхах активізує внутрішню енергію людини, допомагає відчути бадьорість і прилив сил. Ця практика також допомагає нормалізувати артеріальний тиск, розслабити м'язи та зняти затиски в тілі.</p>
<p><strong>Дошка Садху</strong> - інструмент самопізнання, контролю сили духу, просвітлення і потужної енергетичної зарядки. Через біль ти пізнаєш самого себе, вчишся приймати його, очищати розум, контролювати силу волі, досягати мети. Під час сеансу важливе і головне входить наперед, залишаючи позаду все непотрібне, ти входиш у чистий стан тут і зараз.</p>
<p>Як правильно обрати <a href=""/news/dlya-chogo-lyudi-obirayut-sadhu"">матеріал цвяхів.</a></p>
<p>Як обрати <a href=""/news/dlya-chogo-lyudi-obirayut-sadhu"">відстань між цвяхами</a><strong>.</strong></p>
<p><strong>Strongdesk</strong> представляє якісні дошки з цвяхами, виготовлені згідно з усіма вимогами практики цвяхостояння, адже тут має значення абсолютно все: матеріали, покриття, розмір, відстань, калібрування. Основний матеріал - фанера. Цвяхи розташовані на однаковій один від одного відстані, крок 1 см - це універсальний варіант для новачків практики. Оцинковані цвяхи не іржавіють, тому завжди залишаються блискучими і красивими. Усі цвяхи міцно закріплені на однаковій висоті, таким чином, гарантують баланс і безпеку.</p>
<p>Дерево, оброблене спеціальним засобом, масло з воском. Завдяки своїм властивостям, масло-віск забезпечує захист від вологи, даючи змогу дереву дихати, що перешкоджає розтріскуванню і пересиханню деревини. Дошка прикрашена якісним, акуратним гравіюванням, також ви можете вибрати малюнок, замовивши індивідуальне гравіювання. Завдяки своїй конструкції, скоригованій з точністю до міліметра, дошку з цвяхами можна закрити як книгу, що значно спрощує транспортування. Чудовий вибір, як для особистого користування, так і для тренерів з йоги.</p>
<p><strong>Розміри</strong> 2-х дощок у складеному вигляді: 32х14х2.5 см</p>
<p><strong>Вага</strong> пари дощок: 1,1 кг</p>
<p><strong>Час виготовлення</strong> від 1 до 3 днів.</p>",https://strongdesk.com.ua/files/resized/products/photo1675549285-1.1200x1200.jpeg,https://strongdesk.com.ua/products/doshka-sadhu-dizajn-zhinka-sontse,"Дошка садху дизайн ""Жінка-сонце""","1700.00 UAH","1700.00 UAH","Дошка садху дизайн ""Жінка-сонце"" 11211",77,77
4862,"in stock",new,"<p><strong>Користь стояння на цвяхах</strong>. Стояння на Дошці Садху, завдяки впливу на акупунктурні точки запускає оздоровчі, очищувальні та відновлювальні процеси в організмі. Стояння на цвяхах активізує внутрішню енергію людини, допомагає відчути бадьорість і прилив сил. Ця практика також допомагає нормалізувати артеріальний тиск, розслабити м'язи та зняти затиски в тілі.</p>
<p><strong>Дошка Садху</strong> - інструмент самопізнання, контролю сили духу, просвітлення і потужної енергетичної зарядки. Через біль ти пізнаєш самого себе, вчишся приймати його, очищати розум, контролювати силу волі, досягати мети. Під час сеансу важливе і головне входить наперед, залишаючи позаду все непотрібне, ти входиш у чистий стан тут і зараз.</p>
<p>Як правильно обрати <a href=""/news/dlya-chogo-lyudi-obirayut-sadhu"">матеріал цвяхів.</a></p>
<p>Як обрати <a href=""/news/dlya-chogo-lyudi-obirayut-sadhu"">відстань між цвяхами</a><strong>.</strong></p>
<p><strong>Strongdesk</strong> представляє якісні дошки з цвяхами, виготовлені згідно з усіма вимогами практики цвяхостояння, адже тут має значення абсолютно все: матеріали, покриття, розмір, відстань, калібрування. Основний матеріал - фанера. Цвяхи розташовані на однаковій один від одного відстані, крок 1 см - це універсальний варіант для новачків практики. Оцинковані цвяхи не іржавіють, тому завжди залишаються блискучими і красивими. Усі цвяхи міцно закріплені на однаковій висоті, таким чином, гарантують баланс і безпеку.</p>
<p>Дерево, оброблене спеціальним засобом, масло з воском. Завдяки своїм властивостям, масло-віск забезпечує захист від вологи, даючи змогу дереву дихати, що перешкоджає розтріскуванню і пересиханню деревини. Дошка прикрашена якісним, акуратним гравіюванням, також ви можете вибрати малюнок, замовивши індивідуальне гравіювання. Завдяки своїй конструкції, скоригованій з точністю до міліметра, дошку з цвяхами можна закрити як книгу, що значно спрощує транспортування. Чудовий вибір, як для особистого користування, так і для тренерів з йоги.</p>
<p><strong>Розміри</strong> 2-х дощок у складеному вигляді: 32х14х2.5 см</p>
<p><strong>Вага</strong> пари дощок: 1,1 кг</p>
<p><strong>Час виготовлення</strong> від 1 до 3 днів.</p>",https://strongdesk.com.ua/files/resized/products/photo1675607969.1200x1200.jpeg,https://strongdesk.com.ua/products/doshka-sadhu-dizajn-mandala-venge,"Дошка садху дизайн ""Мандала"" Венге","1700.00 UAH","1700.00 UAH","Дошка садху дизайн ""Мандала"" Венге 11211",77,77
5402,"in stock",new,"<p><strong>Користь стояння на цвяхах</strong>. Стояння на Дошці Садху, завдяки впливу на акупунктурні точки запускає оздоровчі, очищувальні та відновлювальні процеси в організмі. Стояння на цвяхах активізує внутрішню енергію людини, допомагає відчути бадьорість і прилив сил. Ця практика також допомагає нормалізувати артеріальний тиск, розслабити м'язи та зняти затиски в тілі.</p>
<p><strong>Дошка Садху</strong> - інструмент самопізнання, контролю сили духу, просвітлення і потужної енергетичної зарядки. Через біль ти пізнаєш самого себе, вчишся приймати його, очищати розум, контролювати силу волі, досягати мети. Під час сеансу важливе і головне входить наперед, залишаючи позаду все непотрібне, ти входиш у чистий стан тут і зараз.</p>
<p>Як правильно обрати <a href=""/news/dlya-chogo-lyudi-obirayut-sadhu"">матеріал цвяхів.</a></p>
<p>Як обрати <a href=""/news/dlya-chogo-lyudi-obirayut-sadhu"">відстань між цвяхами</a><strong>.</strong></p>
<p><strong>Strongdesk</strong> представляє якісні дошки з цвяхами, виготовлені згідно з усіма вимогами практики цвяхостояння, адже тут має значення абсолютно все: матеріали, покриття, розмір, відстань, калібрування. Основний матеріал - фанера. Цвяхи розташовані на однаковій один від одного відстані, крок 1 см - це універсальний варіант для новачків практики. Оцинковані цвяхи не іржавіють, тому завжди залишаються блискучими і красивими. Усі цвяхи міцно закріплені на однаковій висоті, таким чином, гарантують баланс і безпеку.</p>
<p>Дерево, оброблене спеціальним засобом, масло з воском. Завдяки своїм властивостям, масло-віск забезпечує захист від вологи, даючи змогу дереву дихати, що перешкоджає розтріскуванню і пересиханню деревини. Дошка прикрашена якісним, акуратним гравіюванням, також ви можете вибрати малюнок, замовивши індивідуальне гравіювання. Завдяки своїй конструкції, скоригованій з точністю до міліметра, дошку з цвяхами можна закрити як книгу, що значно спрощує транспортування. Чудовий вибір, як для особистого користування, так і для тренерів з йоги.</p>
<p><strong>Розміри</strong> 2-х дощок у складеному вигляді: 32х14х2.5 см</p>
<p><strong>Вага</strong> пари дощок: 1,1 кг</p>
<p><strong>Час виготовлення</strong> від 1 до 3 днів.</p>",https://strongdesk.com.ua/files/resized/products/photo1675608923-2.1200x1200.jpeg,https://strongdesk.com.ua/products/doshka-sadhu-dizajn-vedmid,"Дошка садху дизайн ""Ведмідь""","1700.00 UAH","1700.00 UAH","Дошка садху дизайн ""Ведмідь""  11211",77,77
5942,"in stock",new,"<p><strong>Користь стояння на цвяхах</strong>. Стояння на Дошці Садху, завдяки впливу на акупунктурні точки запускає оздоровчі, очищувальні та відновлювальні процеси в організмі. Стояння на цвяхах активізує внутрішню енергію людини, допомагає відчути бадьорість і прилив сил. Ця практика також допомагає нормалізувати артеріальний тиск, розслабити м'язи та зняти затиски в тілі.</p>
<p><strong>Дошка Садху</strong> - інструмент самопізнання, контролю сили духу, просвітлення і потужної енергетичної зарядки. Через біль ти пізнаєш самого себе, вчишся приймати його, очищати розум, контролювати силу волі, досягати мети. Під час сеансу важливе і головне входить наперед, залишаючи позаду все непотрібне, ти входиш у чистий стан тут і зараз.</p>
<p>Як правильно обрати <a href=""/news/dlya-chogo-lyudi-obirayut-sadhu"">матеріал цвяхів.</a></p>
<p>Як обрати <a href=""/news/dlya-chogo-lyudi-obirayut-sadhu"">відстань між цвяхами</a><strong>.</strong></p>
<p><strong>Strongdesk</strong> представляє якісні дошки з цвяхами, виготовлені згідно з усіма вимогами практики цвяхостояння, адже тут має значення абсолютно все: матеріали, покриття, розмір, відстань, калібрування. Основний матеріал - фанера. Цвяхи розташовані на однаковій один від одного відстані, крок 1 см - це універсальний варіант для новачків практики. Оцинковані цвяхи не іржавіють, тому завжди залишаються блискучими і красивими. Усі цвяхи міцно закріплені на однаковій висоті, таким чином, гарантують баланс і безпеку.</p>
<p>Дерево, оброблене спеціальним засобом, масло з воском. Завдяки своїм властивостям, масло-віск забезпечує захист від вологи, даючи змогу дереву дихати, що перешкоджає розтріскуванню і пересиханню деревини. Дошка прикрашена якісним, акуратним гравіюванням, також ви можете вибрати малюнок, замовивши індивідуальне гравіювання. Завдяки своїй конструкції, скоригованій з точністю до міліметра, дошку з цвяхами можна закрити як книгу, що значно спрощує транспортування. Чудовий вибір, як для особистого користування, так і для тренерів з йоги.</p>
<p><strong>Розміри</strong> 2-х дощок у складеному вигляді: 32х14х2.5 см</p>
<p><strong>Вага</strong> пари дощок: 1,1 кг</p>
<p><strong>Час виготовлення</strong> від 1 до 3 днів.</p>",https://strongdesk.com.ua/files/resized/products/msg519891722-67287.1200x1200.jpg,https://strongdesk.com.ua/products/doshka-sadhu-dizajn-zhinka-meditatsiya,"Дошка садху дизайн ""Жінка медитація""","1700.00 UAH","1700.00 UAH","Дошка садху дизайн ""Жінка медитація""  11211",77,77
6482,"in stock",new,"<p><strong>Користь стояння на цвяхах</strong>. Стояння на Дошці Садху, завдяки впливу на акупунктурні точки запускає оздоровчі, очищувальні та відновлювальні процеси в організмі. Стояння на цвяхах активізує внутрішню енергію людини, допомагає відчути бадьорість і прилив сил. Ця практика також допомагає нормалізувати артеріальний тиск, розслабити м'язи та зняти затиски в тілі.</p>
<p><strong>Дошка Садху</strong> - інструмент самопізнання, контролю сили духу, просвітлення і потужної енергетичної зарядки. Через біль ти пізнаєш самого себе, вчишся приймати його, очищати розум, контролювати силу волі, досягати мети. Під час сеансу важливе і головне входить наперед, залишаючи позаду все непотрібне, ти входиш у чистий стан тут і зараз.</p>
<p>Як правильно обрати <a href=""/news/dlya-chogo-lyudi-obirayut-sadhu"">матеріал цвяхів.</a></p>
<p>Як обрати <a href=""/news/dlya-chogo-lyudi-obirayut-sadhu"">відстань між цвяхами</a><strong>.</strong></p>
<p><strong>Strongdesk</strong> представляє якісні дошки з цвяхами, виготовлені згідно з усіма вимогами практики цвяхостояння, адже тут має значення абсолютно все: матеріали, покриття, розмір, відстань, калібрування. Основний матеріал - фанера. Цвяхи розташовані на однаковій один від одного відстані, крок 1 см - це універсальний варіант для новачків практики. Оцинковані цвяхи не іржавіють, тому завжди залишаються блискучими і красивими. Усі цвяхи міцно закріплені на однаковій висоті, таким чином, гарантують баланс і безпеку.</p>
<p>Дерево, оброблене спеціальним засобом, масло з воском. Завдяки своїм властивостям, масло-віск забезпечує захист від вологи, даючи змогу дереву дихати, що перешкоджає розтріскуванню і пересиханню деревини. Дошка прикрашена якісним, акуратним гравіюванням, також ви можете вибрати малюнок, замовивши індивідуальне гравіювання. Завдяки своїй конструкції, скоригованій з точністю до міліметра, дошку з цвяхами можна закрити як книгу, що значно спрощує транспортування. Чудовий вибір, як для особистого користування, так і для тренерів з йоги.</p>
<p><strong>Розміри</strong> 2-х дощок у складеному вигляді: 32х14х2.5 см</p>
<p><strong>Вага</strong> пари дощок: 1,1 кг</p>
<p><strong>Час виготовлення</strong> від 1 до 3 днів.</p>",https://strongdesk.com.ua/files/resized/products/msg519891722-67292.1200x1200.jpg,https://strongdesk.com.ua/products/doshka-sadhu-dizajn-sova,"Дошка садху дизайн ""Сова""","1700.00 UAH","1700.00 UAH","Дошка садху дизайн ""Сова""  11211",77,77
7022,"in stock",new,"<p><strong>Користь стояння на цвяхах</strong>. Стояння на Дошці Садху, завдяки впливу на акупунктурні точки запускає оздоровчі, очищувальні та відновлювальні процеси в організмі. Стояння на цвяхах активізує внутрішню енергію людини, допомагає відчути бадьорість і прилив сил. Ця практика також допомагає нормалізувати артеріальний тиск, розслабити м'язи та зняти затиски в тілі.</p>
<p><strong>Дошка Садху</strong> - інструмент самопізнання, контролю сили духу, просвітлення і потужної енергетичної зарядки. Через біль ти пізнаєш самого себе, вчишся приймати його, очищати розум, контролювати силу волі, досягати мети. Під час сеансу важливе і головне входить наперед, залишаючи позаду все непотрібне, ти входиш у чистий стан тут і зараз.</p>
<p>Як правильно обрати <a href=""/news/dlya-chogo-lyudi-obirayut-sadhu"">матеріал цвяхів.</a></p>
<p>Як обрати <a href=""/news/dlya-chogo-lyudi-obirayut-sadhu"">відстань між цвяхами</a><strong>.</strong></p>
<p><strong>Strongdesk</strong> представляє якісні дошки з цвяхами, виготовлені згідно з усіма вимогами практики цвяхостояння, адже тут має значення абсолютно все: матеріали, покриття, розмір, відстань, калібрування. Основний матеріал - фанера. Цвяхи розташовані на однаковій один від одного відстані, крок 1 см - це універсальний варіант для новачків практики. Оцинковані цвяхи не іржавіють, тому завжди залишаються блискучими і красивими. Усі цвяхи міцно закріплені на однаковій висоті, таким чином, гарантують баланс і безпеку.</p>
<p>Дерево, оброблене спеціальним засобом, масло з воском. Завдяки своїм властивостям, масло-віск забезпечує захист від вологи, даючи змогу дереву дихати, що перешкоджає розтріскуванню і пересиханню деревини. Дошка прикрашена якісним, акуратним гравіюванням, також ви можете вибрати малюнок, замовивши індивідуальне гравіювання. Завдяки своїй конструкції, скоригованій з точністю до міліметра, дошку з цвяхами можна закрити як книгу, що значно спрощує транспортування. Чудовий вибір, як для особистого користування, так і для тренерів з йоги.</p>
<p><strong>Розміри</strong> 2-х дощок у складеному вигляді: 32х14х2.5 см</p>
<p><strong>Вага</strong> пари дощок: 1,1 кг</p>
<p><strong>Час виготовлення</strong> від 1 до 3 днів.</p>",https://strongdesk.com.ua/files/resized/products/msg519891722-67300.1200x1200.jpg,https://strongdesk.com.ua/products/doshka-sadhu-dizajn-om,"Дошка садху дизайн ""Ом""","1700.00 UAH","1700.00 UAH","Дошка садху дизайн ""Ом""  11211",77,77
7562,"in stock",new,"<p><strong>Користь стояння на цвяхах</strong>. Стояння на Дошці Садху, завдяки впливу на акупунктурні точки запускає оздоровчі, очищувальні та відновлювальні процеси в організмі. Стояння на цвяхах активізує внутрішню енергію людини, допомагає відчути бадьорість і прилив сил. Ця практика також допомагає нормалізувати артеріальний тиск, розслабити м'язи та зняти затиски в тілі.</p>
<p><strong>Дошка Садху</strong> - інструмент самопізнання, контролю сили духу, просвітлення і потужної енергетичної зарядки. Через біль ти пізнаєш самого себе, вчишся приймати його, очищати розум, контролювати силу волі, досягати мети. Під час сеансу важливе і головне входить наперед, залишаючи позаду все непотрібне, ти входиш у чистий стан тут і зараз.</p>
<p>Як правильно обрати <a href=""/news/dlya-chogo-lyudi-obirayut-sadhu"">матеріал цвяхів.</a></p>
<p>Як обрати <a href=""/news/dlya-chogo-lyudi-obirayut-sadhu"">відстань між цвяхами</a><strong>.</strong></p>
<p><strong>Strongdesk</strong> представляє якісні дошки з цвяхами, виготовлені згідно з усіма вимогами практики цвяхостояння, адже тут має значення абсолютно все: матеріали, покриття, розмір, відстань, калібрування. Основний матеріал - фанера. Цвяхи розташовані на однаковій один від одного відстані, крок 1 см - це універсальний варіант для новачків практики. Оцинковані цвяхи не іржавіють, тому завжди залишаються блискучими і красивими. Усі цвяхи міцно закріплені на однаковій висоті, таким чином, гарантують баланс і безпеку.</p>
<p>Дерево, оброблене спеціальним засобом, масло з воском. Завдяки своїм властивостям, масло-віск забезпечує захист від вологи, даючи змогу дереву дихати, що перешкоджає розтріскуванню і пересиханню деревини. Дошка прикрашена якісним, акуратним гравіюванням, також ви можете вибрати малюнок, замовивши індивідуальне гравіювання. Завдяки своїй конструкції, скоригованій з точністю до міліметра, дошку з цвяхами можна закрити як книгу, що значно спрощує транспортування. Чудовий вибір, як для особистого користування, так і для тренерів з йоги.</p>
<p><strong>Розміри</strong> 2-х дощок у складеному вигляді: 32х14х2.5 см</p>
<p><strong>Вага</strong> пари дощок: 1,1 кг</p>
<p><strong>Час виготовлення</strong> від 1 до 3 днів.</p>",https://strongdesk.com.ua/files/resized/products/msg519891722-67302.1200x1200.jpg,https://strongdesk.com.ua/products/doshka-sadhu-dizajn-fazi-misyatsya,"Дошка садху дизайн ""Фази місяця""","1700.00 UAH","1700.00 UAH","Дошка садху дизайн ""Фази місяця""  11211",77,77
8102,"in stock",new,"<p><strong>Користь стояння на цвяхах</strong>. Стояння на Дошці Садху, завдяки впливу на акупунктурні точки запускає оздоровчі, очищувальні та відновлювальні процеси в організмі. Стояння на цвяхах активізує внутрішню енергію людини, допомагає відчути бадьорість і прилив сил. Ця практика також допомагає нормалізувати артеріальний тиск, розслабити м'язи та зняти затиски в тілі.</p>
<p><strong>Дошка Садху</strong> - інструмент самопізнання, контролю сили духу, просвітлення і потужної енергетичної зарядки. Через біль ти пізнаєш самого себе, вчишся приймати його, очищати розум, контролювати силу волі, досягати мети. Під час сеансу важливе і головне входить наперед, залишаючи позаду все непотрібне, ти входиш у чистий стан тут і зараз.</p>
<p>Як правильно обрати <a href=""/news/dlya-chogo-lyudi-obirayut-sadhu"">матеріал цвяхів.</a></p>
<p>Як обрати <a href=""/news/dlya-chogo-lyudi-obirayut-sadhu"">відстань між цвяхами</a><strong>.</strong></p>
<p><strong>Strongdesk</strong> представляє якісні дошки з цвяхами, виготовлені згідно з усіма вимогами практики цвяхостояння, адже тут має значення абсолютно все: матеріали, покриття, розмір, відстань, калібрування. Основний матеріал - фанера. Цвяхи розташовані на однаковій один від одного відстані, крок 1 см - це універсальний варіант для новачків практики. Оцинковані цвяхи не іржавіють, тому завжди залишаються блискучими і красивими. Усі цвяхи міцно закріплені на однаковій висоті, таким чином, гарантують баланс і безпеку.</p>
<p>Дерево, оброблене спеціальним засобом, масло з воском. Завдяки своїм властивостям, масло-віск забезпечує захист від вологи, даючи змогу дереву дихати, що перешкоджає розтріскуванню і пересиханню деревини. Дошка прикрашена якісним, акуратним гравіюванням, також ви можете вибрати малюнок, замовивши індивідуальне гравіювання. Завдяки своїй конструкції, скоригованій з точністю до міліметра, дошку з цвяхами можна закрити як книгу, що значно спрощує транспортування. Чудовий вибір, як для особистого користування, так і для тренерів з йоги.</p>
<p><strong>Розміри</strong> 2-х дощок у складеному вигляді: 32х14х2.5 см</p>",https://strongdesk.com.ua/files/resized/products/msg519891722-67313.1200x1200.jpg,https://strongdesk.com.ua/products/doshka-sadhu-dizajn-chakri,"Дошка садху дизайн ""Чакри""","1700.00 UAH","1700.00 UAH","Дошка садху дизайн ""Чакри""  11211",77,77
8642,"in stock",new,"<p><strong>Користь стояння на цвяхах</strong>. Стояння на Дошці Садху, завдяки впливу на акупунктурні точки запускає оздоровчі, очищувальні та відновлювальні процеси в організмі. Стояння на цвяхах активізує внутрішню енергію людини, допомагає відчути бадьорість і прилив сил. Ця практика також допомагає нормалізувати артеріальний тиск, розслабити м'язи та зняти затиски в тілі.</p>
<p><strong>Дошка Садху</strong> - інструмент самопізнання, контролю сили духу, просвітлення і потужної енергетичної зарядки. Через біль ти пізнаєш самого себе, вчишся приймати його, очищати розум, контролювати силу волі, досягати мети. Під час сеансу важливе і головне входить наперед, залишаючи позаду все непотрібне, ти входиш у чистий стан тут і зараз.</p>
<p>Як правильно обрати <a href=""/news/dlya-chogo-lyudi-obirayut-sadhu"">матеріал цвяхів.</a></p>
<p>Як обрати <a href=""/news/dlya-chogo-lyudi-obirayut-sadhu"">відстань між цвяхами</a><strong>.</strong></p>
<p><strong>Strongdesk</strong> представляє якісні дошки з цвяхами, виготовлені згідно з усіма вимогами практики цвяхостояння, адже тут має значення абсолютно все: матеріали, покриття, розмір, відстань, калібрування. Основний матеріал - фанера. Цвяхи розташовані на однаковій один від одного відстані, крок 1 см - це універсальний варіант для новачків практики. Оцинковані цвяхи не іржавіють, тому завжди залишаються блискучими і красивими. Усі цвяхи міцно закріплені на однаковій висоті, таким чином, гарантують баланс і безпеку.</p>
<p>Дерево, оброблене спеціальним засобом, масло з воском. Завдяки своїм властивостям, масло-віск забезпечує захист від вологи, даючи змогу дереву дихати, що перешкоджає розтріскуванню і пересиханню деревини. Дошка прикрашена якісним, акуратним гравіюванням, також ви можете вибрати малюнок, замовивши індивідуальне гравіювання. Завдяки своїй конструкції, скоригованій з точністю до міліметра, дошку з цвяхами можна закрити як книгу, що значно спрощує транспортування. Чудовий вибір, як для особистого користування, так і для тренерів з йоги.</p>
<p><strong>Розміри</strong> 2-х дощок у складеному вигляді: 32х14х2.5 см</p>
<p><strong>Вага</strong> пари дощок: 1,1 кг</p>
<p><strong>Час виготовлення</strong> від 1 до 3 днів.</p>",https://strongdesk.com.ua/files/resized/products/msg519891722-67306.1200x1200.jpg,https://strongdesk.com.ua/products/doshka-sadhu-dizajn-mandala-olivkova,"Дошка садху дизайн ""Мандала оливкова""","1700.00 UAH","1700.00 UAH","Дошка садху дизайн ""Мандала оливкова""  11211",77,77
9182,"in stock",new,"<p><strong>Користь стояння на цвяхах</strong>. Стояння на Дошці Садху, завдяки впливу на акупунктурні точки запускає оздоровчі, очищувальні та відновлювальні процеси в організмі. Стояння на цвяхах активізує внутрішню енергію людини, допомагає відчути бадьорість і прилив сил. Ця практика також допомагає нормалізувати артеріальний тиск, розслабити м'язи та зняти затиски в тілі.</p>
<p><strong>Дошка Садху</strong> - інструмент самопізнання, контролю сили духу, просвітлення і потужної енергетичної зарядки. Через біль ти пізнаєш самого себе, вчишся приймати його, очищати розум, контролювати силу волі, досягати мети. Під час сеансу важливе і головне входить наперед, залишаючи позаду все непотрібне, ти входиш у чистий стан тут і зараз.</p>
<p>Як правильно обрати <a href=""/news/dlya-chogo-lyudi-obirayut-sadhu"">матеріал цвяхів.</a></p>
<p>Як обрати <a href=""/news/dlya-chogo-lyudi-obirayut-sadhu"">відстань між цвяхами</a><strong>.</strong></p>
<p><strong>Strongdesk</strong> представляє якісні дошки з цвяхами, виготовлені згідно з усіма вимогами практики цвяхостояння, адже тут має значення абсолютно все: матеріали, покриття, розмір, відстань, калібрування. Основний матеріал - фанера. Цвяхи розташовані на однаковій один від одного відстані, крок 1 см - це універсальний варіант для новачків практики. Оцинковані цвяхи не іржавіють, тому завжди залишаються блискучими і красивими. Усі цвяхи міцно закріплені на однаковій висоті, таким чином, гарантують баланс і безпеку.</p>
<p>Дерево, оброблене спеціальним засобом, масло з воском. Завдяки своїм властивостям, масло-віск забезпечує захист від вологи, даючи змогу дереву дихати, що перешкоджає розтріскуванню і пересиханню деревини. Дошка прикрашена якісним, акуратним гравіюванням, також ви можете вибрати малюнок, замовивши індивідуальне гравіювання. Завдяки своїй конструкції, скоригованій з точністю до міліметра, дошку з цвяхами можна закрити як книгу, що значно спрощує транспортування. Чудовий вибір, як для особистого користування, так і для тренерів з йоги.</p>
<p><strong>Розміри</strong> 2-х дощок у складеному вигляді: 32х14х2.5 см</p>
<p><strong>Вага</strong> пари дощок: 1,1 кг</p>
<p><strong>Час виготовлення</strong> від 1 до 3 днів.</p>",https://strongdesk.com.ua/files/resized/products/msg519891722-67317.1200x1200.jpg,https://strongdesk.com.ua/products/doshka-sadhu-dizajn-mandala-ov,"Дошка садху дизайн ""Мандала ОВ""","1700.00 UAH","1700.00 UAH","Дошка садху дизайн ""Мандала ОВ""  11211",77,77
9722,"in stock",new,"<p><strong>Користь стояння на цвяхах</strong>. Стояння на Дошці Садху, завдяки впливу на акупунктурні точки запускає оздоровчі, очищувальні та відновлювальні процеси в організмі. Стояння на цвяхах активізує внутрішню енергію людини, допомагає відчути бадьорість і прилив сил. Ця практика також допомагає нормалізувати артеріальний тиск, розслабити м'язи та зняти затиски в тілі.</p>
<p><strong>Дошка Садху</strong> - інструмент самопізнання, контролю сили духу, просвітлення і потужної енергетичної зарядки. Через біль ти пізнаєш самого себе, вчишся приймати його, очищати розум, контролювати силу волі, досягати мети. Під час сеансу важливе і головне входить наперед, залишаючи позаду все непотрібне, ти входиш у чистий стан тут і зараз.</p>
<p>Як правильно обрати <a href=""/news/dlya-chogo-lyudi-obirayut-sadhu"">матеріал цвяхів.</a></p>
<p>Як обрати <a href=""/news/dlya-chogo-lyudi-obirayut-sadhu"">відстань між цвяхами</a><strong>.</strong></p>
<p><strong>Strongdesk</strong> представляє якісні дошки з цвяхами, виготовлені згідно з усіма вимогами практики цвяхостояння, адже тут має значення абсолютно все: матеріали, покриття, розмір, відстань, калібрування. Основний матеріал - фанера. Цвяхи розташовані на однаковій один від одного відстані, крок 1 см - це універсальний варіант для новачків практики. Оцинковані цвяхи не іржавіють, тому завжди залишаються блискучими і красивими. Усі цвяхи міцно закріплені на однаковій висоті, таким чином, гарантують баланс і безпеку.</p>
<p>Дерево, оброблене спеціальним засобом, масло з воском. Завдяки своїм властивостям, масло-віск забезпечує захист від вологи, даючи змогу дереву дихати, що перешкоджає розтріскуванню і пересиханню деревини. Дошка прикрашена якісним, акуратним гравіюванням, також ви можете вибрати малюнок, замовивши індивідуальне гравіювання. Завдяки своїй конструкції, скоригованій з точністю до міліметра, дошку з цвяхами можна закрити як книгу, що значно спрощує транспортування. Чудовий вибір, як для особистого користування, так і для тренерів з йоги.</p>
<p><strong>Розміри</strong> 2-х дощок у складеному вигляді: 32х14х2.5 см</p>
<p><strong>Вага</strong> пари дощок: 1,1 кг</p>
<p><strong>Час виготовлення</strong> від 1 до 3 днів.</p>",https://strongdesk.com.ua/files/resized/products/msg519891722-67310.1200x1200.jpg,https://strongdesk.com.ua/products/doshka-sadhu-dizajn-derevo-venge,"Дошка садху дизайн ""Дерево Венге""","1700.00 UAH","1700.00 UAH","Дошка садху дизайн ""Дерево Венге""  11211",77,77
10262,"in stock",new,"<p><strong>Користь стояння на цвяхах</strong>. Стояння на Дошці Садху, завдяки впливу на акупунктурні точки запускає оздоровчі, очищувальні та відновлювальні процеси в організмі. Стояння на цвяхах активізує внутрішню енергію людини, допомагає відчути бадьорість і прилив сил. Ця практика також допомагає нормалізувати артеріальний тиск, розслабити м'язи та зняти затиски в тілі.</p>
<p><strong>Дошка Садху</strong> - інструмент самопізнання, контролю сили духу, просвітлення і потужної енергетичної зарядки. Через біль ти пізнаєш самого себе, вчишся приймати його, очищати розум, контролювати силу волі, досягати мети. Під час сеансу важливе і головне входить наперед, залишаючи позаду все непотрібне, ти входиш у чистий стан тут і зараз.</p>
<p>Як правильно обрати <a href=""/news/dlya-chogo-lyudi-obirayut-sadhu"">матеріал цвяхів.</a></p>
<p>Як обрати <a href=""/news/dlya-chogo-lyudi-obirayut-sadhu"">відстань між цвяхами</a><strong>.</strong></p>
<p><strong>Strongdesk</strong> представляє якісні дошки з цвяхами, виготовлені згідно з усіма вимогами практики цвяхостояння, адже тут має значення абсолютно все: матеріали, покриття, розмір, відстань, калібрування. Основний матеріал - фанера. Цвяхи розташовані на однаковій один від одного відстані, крок 1 см - це універсальний варіант для новачків практики. Оцинковані цвяхи не іржавіють, тому завжди залишаються блискучими і красивими. Усі цвяхи міцно закріплені на однаковій висоті, таким чином, гарантують баланс і безпеку.</p>
<p>Дерево, оброблене спеціальним засобом, масло з воском. Завдяки своїм властивостям, масло-віск забезпечує захист від вологи, даючи змогу дереву дихати, що перешкоджає розтріскуванню і пересиханню деревини. Дошка прикрашена якісним, акуратним гравіюванням, також ви можете вибрати малюнок, замовивши індивідуальне гравіювання. Завдяки своїй конструкції, скоригованій з точністю до міліметра, дошку з цвяхами можна закрити як книгу, що значно спрощує транспортування. Чудовий вибір, як для особистого користування, так і для тренерів з йоги.</p>
<p><strong>Розміри</strong> 2-х дощок у складеному вигляді: 32х14х2.5 см</p>
<p><strong>Вага</strong> пари дощок: 1,1 кг</p>
<p><strong>Час виготовлення</strong> від 1 до 3 днів.</p>",https://strongdesk.com.ua/files/resized/products/msg519891722-67304.1200x1200.jpg,https://strongdesk.com.ua/products/doshka-sadhu-dizajn-sontse,"Дошка садху дизайн ""Сонце""","1700.00 UAH","1700.00 UAH","Дошка садху дизайн ""Сонце""  11211",77,77
10802,"in stock",new,"<p><strong>Користь стояння на цвяхах</strong>. Стояння на Дошці Садху, завдяки впливу на акупунктурні точки запускає оздоровчі, очищувальні та відновлювальні процеси в організмі. Стояння на цвяхах активізує внутрішню енергію людини, допомагає відчути бадьорість і прилив сил. Ця практика також допомагає нормалізувати артеріальний тиск, розслабити м'язи та зняти затиски в тілі.</p>
<p><strong>Дошка Садху</strong> - інструмент самопізнання, контролю сили духу, просвітлення і потужної енергетичної зарядки. Через біль ти пізнаєш самого себе, вчишся приймати його, очищати розум, контролювати силу волі, досягати мети. Під час сеансу важливе і головне входить наперед, залишаючи позаду все непотрібне, ти входиш у чистий стан тут і зараз.</p>
<p>Як правильно обрати <a href=""/news/dlya-chogo-lyudi-obirayut-sadhu"">матеріал цвяхів.</a></p>
<p>Як обрати <a href=""/news/dlya-chogo-lyudi-obirayut-sadhu"">відстань між цвяхами</a><strong>.</strong></p>
<p><strong>Strongdesk</strong> представляє якісні дошки з цвяхами, виготовлені згідно з усіма вимогами практики цвяхостояння, адже тут має значення абсолютно все: матеріали, покриття, розмір, відстань, калібрування. Основний матеріал - фанера. Цвяхи розташовані на однаковій один від одного відстані, крок 1 см - це універсальний варіант для новачків практики. Оцинковані цвяхи не іржавіють, тому завжди залишаються блискучими і красивими. Усі цвяхи міцно закріплені на однаковій висоті, таким чином, гарантують баланс і безпеку.</p>
<p>Дерево, оброблене спеціальним засобом, масло з воском. Завдяки своїм властивостям, масло-віск забезпечує захист від вологи, даючи змогу дереву дихати, що перешкоджає розтріскуванню і пересиханню деревини. Дошка прикрашена якісним, акуратним гравіюванням, також ви можете вибрати малюнок, замовивши індивідуальне гравіювання. Завдяки своїй конструкції, скоригованій з точністю до міліметра, дошку з цвяхами можна закрити як книгу, що значно спрощує транспортування. Чудовий вибір, як для особистого користування, так і для тренерів з йоги.</p>
<p><strong>Розміри</strong> 2-х дощок у складеному вигляді: 32х14х2.5 см</p>
<p><strong>Вага</strong> пари дощок: 1,1 кг</p>
<p><strong>Час виготовлення</strong> від 1 до 3 днів.</p>",https://strongdesk.com.ua/files/resized/products/msg519891722-67319.1200x1200.jpg,https://strongdesk.com.ua/products/doshka-sadhu-dizajn-lis,"Дошка садху дизайн ""Ліс""","1700.00 UAH","1700.00 UAH","Дошка садху дизайн ""Ліс""  11211",77,77
11342,"in stock",new,"<p><strong>Користь стояння на цвяхах</strong>. Стояння на Дошці Садху, завдяки впливу на акупунктурні точки запускає оздоровчі, очищувальні та відновлювальні процеси в організмі. Стояння на цвяхах активізує внутрішню енергію людини, допомагає відчути бадьорість і прилив сил. Ця практика також допомагає нормалізувати артеріальний тиск, розслабити м'язи та зняти затиски в тілі.</p>
<p><strong>Дошка Садху</strong> - інструмент самопізнання, контролю сили духу, просвітлення і потужної енергетичної зарядки. Через біль ти пізнаєш самого себе, вчишся приймати його, очищати розум, контролювати силу волі, досягати мети. Під час сеансу важливе і головне входить наперед, залишаючи позаду все непотрібне, ти входиш у чистий стан тут і зараз.</p>
<p>Як правильно обрати <a href=""/news/dlya-chogo-lyudi-obirayut-sadhu"">матеріал цвяхів.</a></p>
<p>Як обрати <a href=""/news/dlya-chogo-lyudi-obirayut-sadhu"">відстань між цвяхами</a><strong>.</strong></p>
<p><strong>Strongdesk</strong> представляє якісні дошки з цвяхами, виготовлені згідно з усіма вимогами практики цвяхостояння, адже тут має значення абсолютно все: матеріали, покриття, розмір, відстань, калібрування. Основний матеріал - фанера. Цвяхи розташовані на однаковій один від одного відстані, крок 1 см - це універсальний варіант для новачків практики. Оцинковані цвяхи не іржавіють, тому завжди залишаються блискучими і красивими. Усі цвяхи міцно закріплені на однаковій висоті, таким чином, гарантують баланс і безпеку.</p>
<p>Дерево, оброблене спеціальним засобом, масло з воском. Завдяки своїм властивостям, масло-віск забезпечує захист від вологи, даючи змогу дереву дихати, що перешкоджає розтріскуванню і пересиханню деревини. Дошка прикрашена якісним, акуратним гравіюванням, також ви можете вибрати малюнок, замовивши індивідуальне гравіювання. Завдяки своїй конструкції, скоригованій з точністю до міліметра, дошку з цвяхами можна закрити як книгу, що значно спрощує транспортування. Чудовий вибір, як для особистого користування, так і для тренерів з йоги.</p>
<p><strong>Розміри</strong> 2-х дощок у складеному вигляді: 32х14х2.5 см</p>
<p><strong>Вага</strong> пари дощок: 1,1 кг</p>
<p><strong>Час виготовлення</strong> від 1 до 3 днів.</p>",https://strongdesk.com.ua/files/resized/products/msg519891722-67326.1200x1200.jpg,https://strongdesk.com.ua/products/doshka-sadhu-dizajn-stihii,"Дошка садху дизайн ""Стихії""","1700.00 UAH","1700.00 UAH","Дошка садху дизайн ""Стихії""  11211",77,77
11882,"in stock",new,"<p><strong>Користь стояння на цвяхах</strong>. Стояння на Дошці Садху, завдяки впливу на акупунктурні точки запускає оздоровчі, очищувальні та відновлювальні процеси в організмі. Стояння на цвяхах активізує внутрішню енергію людини, допомагає відчути бадьорість і прилив сил. Ця практика також допомагає нормалізувати артеріальний тиск, розслабити м'язи та зняти затиски в тілі.</p>
<p><strong>Дошка Садху</strong> - інструмент самопізнання, контролю сили духу, просвітлення і потужної енергетичної зарядки. Через біль ти пізнаєш самого себе, вчишся приймати його, очищати розум, контролювати силу волі, досягати мети. Під час сеансу важливе і головне входить наперед, залишаючи позаду все непотрібне, ти входиш у чистий стан тут і зараз.</p>
<p>Як правильно обрати <a href=""/news/dlya-chogo-lyudi-obirayut-sadhu"">матеріал цвяхів.</a></p>
<p>Як обрати <a href=""/news/dlya-chogo-lyudi-obirayut-sadhu"">відстань між цвяхами</a><strong>.</strong></p>
<p><strong>Strongdesk</strong> представляє якісні дошки з цвяхами, виготовлені згідно з усіма вимогами практики цвяхостояння, адже тут має значення абсолютно все: матеріали, покриття, розмір, відстань, калібрування. Основний матеріал - фанера. Цвяхи розташовані на однаковій один від одного відстані, крок 1 см - це універсальний варіант для новачків практики. Оцинковані цвяхи не іржавіють, тому завжди залишаються блискучими і красивими. Усі цвяхи міцно закріплені на однаковій висоті, таким чином, гарантують баланс і безпеку.</p>
<p>Дерево, оброблене спеціальним засобом, масло з воском. Завдяки своїм властивостям, масло-віск забезпечує захист від вологи, даючи змогу дереву дихати, що перешкоджає розтріскуванню і пересиханню деревини. Дошка прикрашена якісним, акуратним гравіюванням, також ви можете вибрати малюнок, замовивши індивідуальне гравіювання. Завдяки своїй конструкції, скоригованій з точністю до міліметра, дошку з цвяхами можна закрити як книгу, що значно спрощує транспортування. Чудовий вибір, як для особистого користування, так і для тренерів з йоги.</p>
<p><strong>Розміри</strong> 2-х дощок у складеному вигляді: 32х14х2.5 см</p>
<p><strong>Вага</strong> пари дощок: 1,1 кг</p>
<p><strong>Час виготовлення</strong> від 1 до 3 днів.</p>",https://strongdesk.com.ua/files/resized/products/msg519891722-67331.1200x1200.jpg,https://strongdesk.com.ua/products/doshka-sadhu-dizajn-budda-chorna,"Дошка садху дизайн ""Будда чорна""","1700.00 UAH","1700.00 UAH","Дошка садху дизайн ""Будда чорна""  11211",77,77
12422,"in stock",new,"<p><strong>Користь стояння на цвяхах</strong>. Стояння на Дошці Садху, завдяки впливу на акупунктурні точки запускає оздоровчі, очищувальні та відновлювальні процеси в організмі. Стояння на цвяхах активізує внутрішню енергію людини, допомагає відчути бадьорість і прилив сил. Ця практика також допомагає нормалізувати артеріальний тиск, розслабити м'язи та зняти затиски в тілі.</p>
<p><strong>Дошка Садху</strong> - інструмент самопізнання, контролю сили духу, просвітлення і потужної енергетичної зарядки. Через біль ти пізнаєш самого себе, вчишся приймати його, очищати розум, контролювати силу волі, досягати мети. Під час сеансу важливе і головне входить наперед, залишаючи позаду все непотрібне, ти входиш у чистий стан тут і зараз.</p>
<p>Як правильно обрати <a href=""/news/dlya-chogo-lyudi-obirayut-sadhu"">матеріал цвяхів.</a></p>
<p>Як обрати <a href=""/news/dlya-chogo-lyudi-obirayut-sadhu"">відстань між цвяхами</a><strong>.</strong></p>
<p><strong>Strongdesk</strong> представляє якісні дошки з цвяхами, виготовлені згідно з усіма вимогами практики цвяхостояння, адже тут має значення абсолютно все: матеріали, покриття, розмір, відстань, калібрування. Основний матеріал - фанера. Цвяхи розташовані на однаковій один від одного відстані, крок 1 см - це універсальний варіант для новачків практики. Оцинковані цвяхи не іржавіють, тому завжди залишаються блискучими і красивими. Усі цвяхи міцно закріплені на однаковій висоті, таким чином, гарантують баланс і безпеку.</p>
<p>Дерево, оброблене спеціальним засобом, масло з воском. Завдяки своїм властивостям, масло-віск забезпечує захист від вологи, даючи змогу дереву дихати, що перешкоджає розтріскуванню і пересиханню деревини. Дошка прикрашена якісним, акуратним гравіюванням, також ви можете вибрати малюнок, замовивши індивідуальне гравіювання. Завдяки своїй конструкції, скоригованій з точністю до міліметра, дошку з цвяхами можна закрити як книгу, що значно спрощує транспортування. Чудовий вибір, як для особистого користування, так і для тренерів з йоги.</p>
<p><strong>Розміри</strong> 2-х дощок у складеному вигляді: 32х14х2.5 см</p>
<p><strong>Вага</strong> пари дощок: 1,1 кг</p>
<p><strong>Час виготовлення</strong> від 1 до 3 днів.</p>",https://strongdesk.com.ua/files/resized/products/msg519891722-67362.1200x1200.jpg,https://strongdesk.com.ua/products/doshka-sadhu-dizajn-zhinka-meditatsiya-chorna,"Дошка садху дизайн ""Жінка медитація Чорна""","1700.00 UAH","1700.00 UAH","Дошка садху дизайн ""Жінка медитація Чорна""  11211",77,77
12962,"in stock",new,"<p><strong>Користь стояння на цвяхах</strong>. Стояння на Дошці Садху, завдяки впливу на акупунктурні точки запускає оздоровчі, очищувальні та відновлювальні процеси в організмі. Стояння на цвяхах активізує внутрішню енергію людини, допомагає відчути бадьорість і прилив сил. Ця практика також допомагає нормалізувати артеріальний тиск, розслабити м'язи та зняти затиски в тілі.</p>
<p><strong>Дошка Садху</strong> - інструмент самопізнання, контролю сили духу, просвітлення і потужної енергетичної зарядки. Через біль ти пізнаєш самого себе, вчишся приймати його, очищати розум, контролювати силу волі, досягати мети. Під час сеансу важливе і головне входить наперед, залишаючи позаду все непотрібне, ти входиш у чистий стан тут і зараз.</p>
<p>Як правильно обрати <a href=""/news/dlya-chogo-lyudi-obirayut-sadhu"">матеріал цвяхів.</a></p>
<p>Як обрати <a href=""/news/dlya-chogo-lyudi-obirayut-sadhu"">відстань між цвяхами</a><strong>.</strong></p>
<p><strong>Strongdesk</strong> представляє якісні дошки з цвяхами, виготовлені згідно з усіма вимогами практики цвяхостояння, адже тут має значення абсолютно все: матеріали, покриття, розмір, відстань, калібрування. Основний матеріал - фанера. Цвяхи розташовані на однаковій один від одного відстані, крок 1 см - це універсальний варіант для новачків практики. Оцинковані цвяхи не іржавіють, тому завжди залишаються блискучими і красивими. Усі цвяхи міцно закріплені на однаковій висоті, таким чином, гарантують баланс і безпеку.</p>
<p>Дерево, оброблене спеціальним засобом, масло з воском. Завдяки своїм властивостям, масло-віск забезпечує захист від вологи, даючи змогу дереву дихати, що перешкоджає розтріскуванню і пересиханню деревини. Дошка прикрашена якісним, акуратним гравіюванням, також ви можете вибрати малюнок, замовивши індивідуальне гравіювання. Завдяки своїй конструкції, скоригованій з точністю до міліметра, дошку з цвяхами можна закрити як книгу, що значно спрощує транспортування. Чудовий вибір, як для особистого користування, так і для тренерів з йоги.</p>
<p><strong>Розміри</strong> 2-х дощок у складеному вигляді: 32х14х2.5 см</p>
<p><strong>Вага</strong> пари дощок: 1,1 кг</p>
<p><strong>Час виготовлення</strong> від 1 до 3 днів.</p>",https://strongdesk.com.ua/files/resized/products/msg519891722-67369.1200x1200.jpg,https://strongdesk.com.ua/products/doshka-sadhu-dizajn-zhinka-sontse-chorna,"Дошка садху дизайн ""Жінка-сонце Чорна""","1700.00 UAH","1700.00 UAH","Дошка садху дизайн ""Жінка-сонце Чорна""  11211",77,77
13502,"in stock",new,"<p><strong>Користь стояння на цвяхах</strong>. Стояння на Дошці Садху, завдяки впливу на акупунктурні точки запускає оздоровчі, очищувальні та відновлювальні процеси в організмі. Стояння на цвяхах активізує внутрішню енергію людини, допомагає відчути бадьорість і прилив сил. Ця практика також допомагає нормалізувати артеріальний тиск, розслабити м'язи та зняти затиски в тілі.</p>
<p><strong>Дошка Садху</strong> - інструмент самопізнання, контролю сили духу, просвітлення і потужної енергетичної зарядки. Через біль ти пізнаєш самого себе, вчишся приймати його, очищати розум, контролювати силу волі, досягати мети. Під час сеансу важливе і головне входить наперед, залишаючи позаду все непотрібне, ти входиш у чистий стан тут і зараз.</p>
<p>Як правильно обрати <a href=""/news/dlya-chogo-lyudi-obirayut-sadhu"">матеріал цвяхів.</a></p>
<p>Як обрати <a href=""/news/dlya-chogo-lyudi-obirayut-sadhu"">відстань між цвяхами</a><strong>.</strong></p>
<p><strong>Strongdesk</strong> представляє якісні дошки з цвяхами, виготовлені згідно з усіма вимогами практики цвяхостояння, адже тут має значення абсолютно все: матеріали, покриття, розмір, відстань, калібрування. Основний матеріал - фанера. Цвяхи розташовані на однаковій один від одного відстані, крок 1 см - це універсальний варіант для новачків практики. Оцинковані цвяхи не іржавіють, тому завжди залишаються блискучими і красивими. Усі цвяхи міцно закріплені на однаковій висоті, таким чином, гарантують баланс і безпеку.</p>
<p>Дерево, оброблене спеціальним засобом, масло з воском. Завдяки своїм властивостям, масло-віск забезпечує захист від вологи, даючи змогу дереву дихати, що перешкоджає розтріскуванню і пересиханню деревини. Дошка прикрашена якісним, акуратним гравіюванням, також ви можете вибрати малюнок, замовивши індивідуальне гравіювання. Завдяки своїй конструкції, скоригованій з точністю до міліметра, дошку з цвяхами можна закрити як книгу, що значно спрощує транспортування. Чудовий вибір, як для особистого користування, так і для тренерів з йоги.</p>
<p><strong>Розміри</strong> 2-х дощок у складеному вигляді: 32х14х2.5 см</p>
<p><strong>Вага</strong> пари дощок: 1,1 кг</p>
<p><strong>Час виготовлення</strong> від 1 до 3 днів.</p>",https://strongdesk.com.ua/files/resized/products/msg519891722-67356.1200x1200.jpg,https://strongdesk.com.ua/products/doshka-sadhu-dizajn-sontse-misyats,"Дошка садху дизайн ""Сонце-місяць""","1700.00 UAH","1700.00 UAH","Дошка садху дизайн ""Сонце-місяць"" 11211",77,77
14042,"in stock",new,"<p><strong>Користь стояння на цвяхах</strong>. Стояння на Дошці Садху, завдяки впливу на акупунктурні точки запускає оздоровчі, очищувальні та відновлювальні процеси в організмі. Стояння на цвяхах активізує внутрішню енергію людини, допомагає відчути бадьорість і прилив сил. Ця практика також допомагає нормалізувати артеріальний тиск, розслабити м'язи та зняти затиски в тілі.</p>
<p><strong>Дошка Садху</strong> - інструмент самопізнання, контролю сили духу, просвітлення і потужної енергетичної зарядки. Через біль ти пізнаєш самого себе, вчишся приймати його, очищати розум, контролювати силу волі, досягати мети. Під час сеансу важливе і головне входить наперед, залишаючи позаду все непотрібне, ти входиш у чистий стан тут і зараз.</p>
<p>Як правильно обрати <a href=""/news/dlya-chogo-lyudi-obirayut-sadhu"">матеріал цвяхів.</a></p>
<p>Як обрати <a href=""/news/dlya-chogo-lyudi-obirayut-sadhu"">відстань між цвяхами</a><strong>.</strong></p>
<p><strong>Strongdesk</strong> представляє якісні дошки з цвяхами, виготовлені згідно з усіма вимогами практики цвяхостояння, адже тут має значення абсолютно все: матеріали, покриття, розмір, відстань, калібрування. Основний матеріал - фанера. Цвяхи розташовані на однаковій один від одного відстані, крок 1 см - це універсальний варіант для новачків практики. Оцинковані цвяхи не іржавіють, тому завжди залишаються блискучими і красивими. Усі цвяхи міцно закріплені на однаковій висоті, таким чином, гарантують баланс і безпеку.</p>
<p>Дерево, оброблене спеціальним засобом, масло з воском. Завдяки своїм властивостям, масло-віск забезпечує захист від вологи, даючи змогу дереву дихати, що перешкоджає розтріскуванню і пересиханню деревини. Дошка прикрашена якісним, акуратним гравіюванням, також ви можете вибрати малюнок, замовивши індивідуальне гравіювання. Завдяки своїй конструкції, скоригованій з точністю до міліметра, дошку з цвяхами можна закрити як книгу, що значно спрощує транспортування. Чудовий вибір, як для особистого користування, так і для тренерів з йоги.</p>
<p><strong>Розміри</strong> 2-х дощок у складеному вигляді: 32х14х2.5 см</p>
<p><strong>Вага</strong> пари дощок: 1,1 кг</p>
<p><strong>Час виготовлення</strong> від 1 до 3 днів.</p>",https://strongdesk.com.ua/files/resized/products/msg519891722-67364.1200x1200.jpg,https://strongdesk.com.ua/products/doshka-sadhu-dizajn-zhinka-meditatsiya-temna,"Дошка садху дизайн ""Жінка-медитація Темна""","1700.00 UAH","1700.00 UAH","Дошка садху дизайн ""Жінка-медитація Темна"" 11211",77,77
14582,"in stock",new,"<p><strong>Користь стояння на цвяхах</strong>. Стояння на Дошці Садху, завдяки впливу на акупунктурні точки запускає оздоровчі, очищувальні та відновлювальні процеси в організмі. Стояння на цвяхах активізує внутрішню енергію людини, допомагає відчути бадьорість і прилив сил. Ця практика також допомагає нормалізувати артеріальний тиск, розслабити м'язи та зняти затиски в тілі.</p>
<p><strong>Дошка Садху</strong> - інструмент самопізнання, контролю сили духу, просвітлення і потужної енергетичної зарядки. Через біль ти пізнаєш самого себе, вчишся приймати його, очищати розум, контролювати силу волі, досягати мети. Під час сеансу важливе і головне входить наперед, залишаючи позаду все непотрібне, ти входиш у чистий стан тут і зараз.</p>
<p>Як правильно обрати <a href=""/news/dlya-chogo-lyudi-obirayut-sadhu"">матеріал цвяхів.</a></p>
<p>Як обрати <a href=""/news/dlya-chogo-lyudi-obirayut-sadhu"">відстань між цвяхами</a><strong>.</strong></p>
<p><strong>Strongdesk</strong> представляє якісні дошки з цвяхами, виготовлені згідно з усіма вимогами практики цвяхостояння, адже тут має значення абсолютно все: матеріали, покриття, розмір, відстань, калібрування. Основний матеріал - фанера. Цвяхи розташовані на однаковій один від одного відстані, крок 1 см - це універсальний варіант для новачків практики. Оцинковані цвяхи не іржавіють, тому завжди залишаються блискучими і красивими. Усі цвяхи міцно закріплені на однаковій висоті, таким чином, гарантують баланс і безпеку.</p>
<p>Дерево, оброблене спеціальним засобом, масло з воском. Завдяки своїм властивостям, масло-віск забезпечує захист від вологи, даючи змогу дереву дихати, що перешкоджає розтріскуванню і пересиханню деревини. Дошка прикрашена якісним, акуратним гравіюванням, також ви можете вибрати малюнок, замовивши індивідуальне гравіювання. Завдяки своїй конструкції, скоригованій з точністю до міліметра, дошку з цвяхами можна закрити як книгу, що значно спрощує транспортування. Чудовий вибір, як для особистого користування, так і для тренерів з йоги.</p>
<p><strong>Розміри</strong> 2-х дощок у складеному вигляді: 32х14х2.5 см</p>
<p><strong>Вага</strong> пари дощок: 1,1 кг</p>
<p><strong>Час виготовлення</strong> від 1 до 3 днів.</p>",https://strongdesk.com.ua/files/resized/products/msg519891722-67336.1200x1200.jpg,https://strongdesk.com.ua/products/doshka-sadhu-dizajn-mandala-chorna,"Дошка садху дизайн ""Мандала чорна""","1700.00 UAH","1700.00 UAH","Дошка садху дизайн ""Мандала чорна"" 11211",77,77
15122,"in stock",new,"<p><strong>Користь стояння на цвяхах</strong>. Стояння на Дошці Садху, завдяки впливу на акупунктурні точки запускає оздоровчі, очищувальні та відновлювальні процеси в організмі. Стояння на цвяхах активізує внутрішню енергію людини, допомагає відчути бадьорість і прилив сил. Ця практика також допомагає нормалізувати артеріальний тиск, розслабити м'язи та зняти затиски в тілі.</p>
<p><strong>Дошка Садху</strong> - інструмент самопізнання, контролю сили духу, просвітлення і потужної енергетичної зарядки. Через біль ти пізнаєш самого себе, вчишся приймати його, очищати розум, контролювати силу волі, досягати мети. Під час сеансу важливе і головне входить наперед, залишаючи позаду все непотрібне, ти входиш у чистий стан тут і зараз.</p>
<p>Як правильно обрати <a href=""/news/dlya-chogo-lyudi-obirayut-sadhu"">матеріал цвяхів.</a></p>
<p>Як обрати <a href=""/news/dlya-chogo-lyudi-obirayut-sadhu"">відстань між цвяхами</a><strong>.</strong></p>
<p><strong>Strongdesk</strong> представляє якісні дошки з цвяхами, виготовлені згідно з усіма вимогами практики цвяхостояння, адже тут має значення абсолютно все: матеріали, покриття, розмір, відстань, калібрування. Основний матеріал - фанера. Цвяхи розташовані на однаковій один від одного відстані, крок 1 см - це універсальний варіант для новачків практики. Оцинковані цвяхи не іржавіють, тому завжди залишаються блискучими і красивими. Усі цвяхи міцно закріплені на однаковій висоті, таким чином, гарантують баланс і безпеку.</p>
<p>Дерево, оброблене спеціальним засобом, масло з воском. Завдяки своїм властивостям, масло-віск забезпечує захист від вологи, даючи змогу дереву дихати, що перешкоджає розтріскуванню і пересиханню деревини. Дошка прикрашена якісним, акуратним гравіюванням, також ви можете вибрати малюнок, замовивши індивідуальне гравіювання. Завдяки своїй конструкції, скоригованій з точністю до міліметра, дошку з цвяхами можна закрити як книгу, що значно спрощує транспортування. Чудовий вибір, як для особистого користування, так і для тренерів з йоги.</p>
<p><strong>Розміри</strong> 2-х дощок у складеному вигляді: 32х14х2.5 см</p>
<p><strong>Вага</strong> пари дощок: 1,1 кг</p>
<p><strong>Час виготовлення</strong> від 1 до 3 днів.</p>",https://strongdesk.com.ua/files/resized/products/msg519891722-67370.1200x1200.jpg,https://strongdesk.com.ua/products/doshka-sadhu-dizajn-lev,"Дошка садху дизайн ""Лев""","1700.00 UAH","1700.00 UAH","Дошка садху дизайн ""Лев"" 11211",77,77
15662,"in stock",new,"<p><strong>Користь стояння на цвяхах</strong>. Стояння на Дошці Садху, завдяки впливу на акупунктурні точки запускає оздоровчі, очищувальні та відновлювальні процеси в організмі. Стояння на цвяхах активізує внутрішню енергію людини, допомагає відчути бадьорість і прилив сил. Ця практика також допомагає нормалізувати артеріальний тиск, розслабити м'язи та зняти затиски в тілі.</p>
<p><strong>Дошка Садху</strong> - інструмент самопізнання, контролю сили духу, просвітлення і потужної енергетичної зарядки. Через біль ти пізнаєш самого себе, вчишся приймати його, очищати розум, контролювати силу волі, досягати мети. Під час сеансу важливе і головне входить наперед, залишаючи позаду все непотрібне, ти входиш у чистий стан тут і зараз.</p>
<p>Як правильно обрати <a href=""/news/dlya-chogo-lyudi-obirayut-sadhu"">матеріал цвяхів.</a></p>
<p>Як обрати <a href=""/news/dlya-chogo-lyudi-obirayut-sadhu"">відстань між цвяхами</a><strong>.</strong></p>
<p><strong>Strongdesk</strong> представляє якісні дошки з цвяхами, виготовлені згідно з усіма вимогами практики цвяхостояння, адже тут має значення абсолютно все: матеріали, покриття, розмір, відстань, калібрування. Основний матеріал - фанера. Цвяхи розташовані на однаковій один від одного відстані, крок 1 см - це універсальний варіант для новачків практики. Оцинковані цвяхи не іржавіють, тому завжди залишаються блискучими і красивими. Усі цвяхи міцно закріплені на однаковій висоті, таким чином, гарантують баланс і безпеку.</p>
<p>Дерево, оброблене спеціальним засобом, масло з воском. Завдяки своїм властивостям, масло-віск забезпечує захист від вологи, даючи змогу дереву дихати, що перешкоджає розтріскуванню і пересиханню деревини. Дошка прикрашена якісним, акуратним гравіюванням, також ви можете вибрати малюнок, замовивши індивідуальне гравіювання. Завдяки своїй конструкції, скоригованій з точністю до міліметра, дошку з цвяхами можна закрити як книгу, що значно спрощує транспортування. Чудовий вибір, як для особистого користування, так і для тренерів з йоги.</p>
<p><strong>Розміри</strong> 2-х дощок у складеному вигляді: 32х14х2.5 см</p>
<p><strong>Вага</strong> пари дощок: 1,1 кг</p>
<p><strong>Час виготовлення</strong> від 1 до 3 днів.</p>",https://strongdesk.com.ua/files/resized/products/msg519891722-67377.1200x1200.jpg,https://strongdesk.com.ua/products/doshka-sadhu-dizajn-vsesvit-pryamokutnij,"Дошка садху дизайн ""Всесвіт прямокутний""","1700.00 UAH","1700.00 UAH","Дошка садху дизайн ""Всесвіт прямокутний"" 11211",77,77
16202,"in stock",new,"<p><strong>Користь стояння на цвяхах</strong>. Стояння на Дошці Садху, завдяки впливу на акупунктурні точки запускає оздоровчі, очищувальні та відновлювальні процеси в організмі. Стояння на цвяхах активізує внутрішню енергію людини, допомагає відчути бадьорість і прилив сил. Ця практика також допомагає нормалізувати артеріальний тиск, розслабити м'язи та зняти затиски в тілі.</p>
<p><strong>Дошка Садху</strong> - інструмент самопізнання, контролю сили духу, просвітлення і потужної енергетичної зарядки. Через біль ти пізнаєш самого себе, вчишся приймати його, очищати розум, контролювати силу волі, досягати мети. Під час сеансу важливе і головне входить наперед, залишаючи позаду все непотрібне, ти входиш у чистий стан тут і зараз.</p>
<p>Як правильно обрати <a href=""/news/dlya-chogo-lyudi-obirayut-sadhu"">матеріал цвяхів.</a></p>
<p>Як обрати <a href=""/news/dlya-chogo-lyudi-obirayut-sadhu"">відстань між цвяхами</a><strong>.</strong></p>
<p><strong>Strongdesk</strong> представляє якісні дошки з цвяхами, виготовлені згідно з усіма вимогами практики цвяхостояння, адже тут має значення абсолютно все: матеріали, покриття, розмір, відстань, калібрування. Основний матеріал - фанера. Цвяхи розташовані на однаковій один від одного відстані, крок 1 см - це універсальний варіант для новачків практики. Оцинковані цвяхи не іржавіють, тому завжди залишаються блискучими і красивими. Усі цвяхи міцно закріплені на однаковій висоті, таким чином, гарантують баланс і безпеку.</p>
<p>Дерево, оброблене спеціальним засобом, масло з воском. Завдяки своїм властивостям, масло-віск забезпечує захист від вологи, даючи змогу дереву дихати, що перешкоджає розтріскуванню і пересиханню деревини. Дошка прикрашена якісним, акуратним гравіюванням, також ви можете вибрати малюнок, замовивши індивідуальне гравіювання. Завдяки своїй конструкції, скоригованій з точністю до міліметра, дошку з цвяхами можна закрити як книгу, що значно спрощує транспортування. Чудовий вибір, як для особистого користування, так і для тренерів з йоги.</p>
<p><strong>Розміри</strong> 2-х дощок у складеному вигляді: 32х14х2.5 см</p>
<p><strong>Вага</strong> пари дощок: 1,1 кг</p>
<p><strong>Час виготовлення</strong> від 1 до 3 днів.</p>",https://strongdesk.com.ua/files/resized/products/msg519891722-67394.1200x1200.jpg,https://strongdesk.com.ua/products/doshka-sadhu-dizajn-vsesvit-rozhevij,"Дошка садху дизайн ""Всесвіт рожевий""","1700.00 UAH","1700.00 UAH","Дошка садху дизайн ""Всесвіт рожевий"" 11211",77,77
16742,"in stock",new,"<p><strong>Користь стояння на цвяхах</strong>. Стояння на Дошці Садху, завдяки впливу на акупунктурні точки запускає оздоровчі, очищувальні та відновлювальні процеси в організмі. Стояння на цвяхах активізує внутрішню енергію людини, допомагає відчути бадьорість і прилив сил. Ця практика також допомагає нормалізувати артеріальний тиск, розслабити м'язи та зняти затиски в тілі.</p>
<p><strong>Дошка Садху</strong> - інструмент самопізнання, контролю сили духу, просвітлення і потужної енергетичної зарядки. Через біль ти пізнаєш самого себе, вчишся приймати його, очищати розум, контролювати силу волі, досягати мети. Під час сеансу важливе і головне входить наперед, залишаючи позаду все непотрібне, ти входиш у чистий стан тут і зараз.</p>
<p>Як правильно обрати <a href=""/news/dlya-chogo-lyudi-obirayut-sadhu"">матеріал цвяхів.</a></p>
<p>Як обрати <a href=""/news/dlya-chogo-lyudi-obirayut-sadhu"">відстань між цвяхами</a><strong>.</strong></p>
<p><strong>Strongdesk</strong> представляє якісні дошки з цвяхами, виготовлені згідно з усіма вимогами практики цвяхостояння, адже тут має значення абсолютно все: матеріали, покриття, розмір, відстань, калібрування. Основний матеріал - фанера. Цвяхи розташовані на однаковій один від одного відстані, крок 1 см - це універсальний варіант для новачків практики. Оцинковані цвяхи не іржавіють, тому завжди залишаються блискучими і красивими. Усі цвяхи міцно закріплені на однаковій висоті, таким чином, гарантують баланс і безпеку.</p>
<p>Дерево, оброблене спеціальним засобом, масло з воском. Завдяки своїм властивостям, масло-віск забезпечує захист від вологи, даючи змогу дереву дихати, що перешкоджає розтріскуванню і пересиханню деревини. Дошка прикрашена якісним, акуратним гравіюванням, також ви можете вибрати малюнок, замовивши індивідуальне гравіювання. Завдяки своїй конструкції, скоригованій з точністю до міліметра, дошку з цвяхами можна закрити як книгу, що значно спрощує транспортування. Чудовий вибір, як для особистого користування, так і для тренерів з йоги.</p>
<p><strong>Розміри</strong> 2-х дощок у складеному вигляді: 32х14х2.5 см</p>
<p><strong>Вага</strong> пари дощок: 1,1 кг</p>
<p><strong>Час виготовлення</strong> від 1 до 3 днів.</p>",https://strongdesk.com.ua/files/resized/products/msg519891722-67398.1200x1200.jpg,https://strongdesk.com.ua/products/doshka-sadhu-z-kolorovim-dizajnom-stihii,"Дошка садху з кольоровим дизайном ""Стихії""","2200.00 UAH","2200.00 UAH","Дошка садху з кольоровим дизайном ""Стихії"" 11211",77,77
17282,"in stock",new,"<p><strong>Користь стояння на цвяхах</strong>. Стояння на Дошці Садху, завдяки впливу на акупунктурні точки запускає оздоровчі, очищувальні та відновлювальні процеси в організмі. Стояння на цвяхах активізує внутрішню енергію людини, допомагає відчути бадьорість і прилив сил. Ця практика також допомагає нормалізувати артеріальний тиск, розслабити м'язи та зняти затиски в тілі.</p>
<p><strong>Дошка Садху</strong> - інструмент самопізнання, контролю сили духу, просвітлення і потужної енергетичної зарядки. Через біль ти пізнаєш самого себе, вчишся приймати його, очищати розум, контролювати силу волі, досягати мети. Під час сеансу важливе і головне входить наперед, залишаючи позаду все непотрібне, ти входиш у чистий стан тут і зараз.</p>
<p>Як правильно обрати <a href=""/news/dlya-chogo-lyudi-obirayut-sadhu"">матеріал цвяхів.</a></p>
<p>Як обрати <a href=""/news/dlya-chogo-lyudi-obirayut-sadhu"">відстань між цвяхами</a><strong>.</strong></p>
<p><strong>Strongdesk</strong> представляє якісні дошки з цвяхами, виготовлені згідно з усіма вимогами практики цвяхостояння, адже тут має значення абсолютно все: матеріали, покриття, розмір, відстань, калібрування. Основний матеріал - фанера. Цвяхи розташовані на однаковій один від одного відстані, крок 1 см - це універсальний варіант для новачків практики. Оцинковані цвяхи не іржавіють, тому завжди залишаються блискучими і красивими. Усі цвяхи міцно закріплені на однаковій висоті, таким чином, гарантують баланс і безпеку.</p>
<p>Дерево, оброблене спеціальним засобом, масло з воском. Завдяки своїм властивостям, масло-віск забезпечує захист від вологи, даючи змогу дереву дихати, що перешкоджає розтріскуванню і пересиханню деревини. Дошка прикрашена якісним, акуратним гравіюванням, також ви можете вибрати малюнок, замовивши індивідуальне гравіювання. Завдяки своїй конструкції, скоригованій з точністю до міліметра, дошку з цвяхами можна закрити як книгу, що значно спрощує транспортування. Чудовий вибір, як для особистого користування, так і для тренерів з йоги.</p>
<p><strong>Розміри</strong> 2-х дощок у складеному вигляді: 32х14х2.5 см</p>
<p><strong>Вага</strong> пари дощок: 1,1 кг</p>
<p><strong>Час виготовлення</strong> від 1 до 3 днів.</p>",https://strongdesk.com.ua/files/resized/products/msg519891722-67380.1200x1200.jpg,https://strongdesk.com.ua/products/doshka-sadhu-z-kolorovim-dizajnom-lis,"Дошка садху з кольоровим дизайном ""Ліс""","2200.00 UAH","2200.00 UAH","Дошка садху з кольоровим дизайном ""Ліс"" 11211",77,77
17822,"in stock",new,"<p><strong>Користь стояння на цвяхах</strong>. Стояння на Дошці Садху, завдяки впливу на акупунктурні точки запускає оздоровчі, очищувальні та відновлювальні процеси в організмі. Стояння на цвяхах активізує внутрішню енергію людини, допомагає відчути бадьорість і прилив сил. Ця практика також допомагає нормалізувати артеріальний тиск, розслабити м'язи та зняти затиски в тілі.</p>
<p><strong>Дошка Садху</strong> - інструмент самопізнання, контролю сили духу, просвітлення і потужної енергетичної зарядки. Через біль ти пізнаєш самого себе, вчишся приймати його, очищати розум, контролювати силу волі, досягати мети. Під час сеансу важливе і головне входить наперед, залишаючи позаду все непотрібне, ти входиш у чистий стан тут і зараз.</p>
<p>Як правильно обрати <a href=""/news/dlya-chogo-lyudi-obirayut-sadhu"">матеріал цвяхів.</a></p>
<p>Як обрати <a href=""/news/dlya-chogo-lyudi-obirayut-sadhu"">відстань між цвяхами</a><strong>.</strong></p>
<p><strong>Strongdesk</strong> представляє якісні дошки з цвяхами, виготовлені згідно з усіма вимогами практики цвяхостояння, адже тут має значення абсолютно все: матеріали, покриття, розмір, відстань, калібрування. Основний матеріал - фанера. Цвяхи розташовані на однаковій один від одного відстані, крок 1 см - це універсальний варіант для новачків практики. Оцинковані цвяхи не іржавіють, тому завжди залишаються блискучими і красивими. Усі цвяхи міцно закріплені на однаковій висоті, таким чином, гарантують баланс і безпеку.</p>
<p>Дерево, оброблене спеціальним засобом, масло з воском. Завдяки своїм властивостям, масло-віск забезпечує захист від вологи, даючи змогу дереву дихати, що перешкоджає розтріскуванню і пересиханню деревини. Дошка прикрашена якісним, акуратним гравіюванням, також ви можете вибрати малюнок, замовивши індивідуальне гравіювання. Завдяки своїй конструкції, скоригованій з точністю до міліметра, дошку з цвяхами можна закрити як книгу, що значно спрощує транспортування. Чудовий вибір, як для особистого користування, так і для тренерів з йоги.</p>
<p><strong>Розміри</strong> 2-х дощок у складеному вигляді: 32х14х2.5 см</p>
<p><strong>Вага</strong> пари дощок: 1,1 кг</p>
<p><strong>Час виготовлення</strong> від 1 до 3 днів.</p>",https://strongdesk.com.ua/files/resized/products/msg519891722-67399.1200x1200.jpg,https://strongdesk.com.ua/products/doshka-sadhu-z-kolorovim-dizajnom-fazi-misyatsya,"Дошка садху з кольоровим дизайном ""Фази місяця""","2200.00 UAH","2200.00 UAH","Дошка садху з кольоровим дизайном ""Фази місяця"" 11211",77,77
